93;49;213;13
181;142;71;11
37;237;180;127
246;72;247;141
194;251;205;40
151;136;245;221
53;112;180;249
191;132;109;65
8;55;108;155
245;186;173;224
78;227;226;182
32;56;134;241
234;190;229;189
165;229;4;91
183;213;251;201
166;100;142;207
107;146;12;29
229;186;119;203
154;186;123;74
85;42;73;178
168;253;66;179
6;91;44;170
151;93;212;246
93;204;60;119
44;123;191;27
81;128;181;159
130;33;240;183
81;29;92;197
145;56;119;96
52;246;183;91
23;46;92;69
127;191;126;162
188;41;149;179
174;190;164;60
119;66;238;110
254;97;256;209
228;200;60;137
206;141;152;179
4;3;12;96
219;223;210;193
39;175;8;160
252;203;41;68
241;140;157;76
184;108;43;61
190;164;220;188
3;109;168;36
11;248;217;219
65;253;35;172
16;254;134;235
151;129;25;28
106;77;46;59
211;164;47;256
200;13;106;219
12;129;196;126
32;135;216;12
211;200;37;195
178;136;164;201
45;95;203;76
78;159;28;172
135;37;110;129
147;43;67;137
12;20;83;41
174;203;122;251
182;74;246;22
229;85;175;162
4;96;78;114
203;5;85;240
67;122;252;88
91;127;88;155
192;64;40;105
109;203;214;31
86;169;82;65
144;25;166;227
137;211;52;160
141;254;72;130
6;64;121;120
119;211;40;247
164;197;163;64
15;70;204;81
84;85;87;60
144;229;162;115
85;187;204;239
186;6;110;254
123;209;100;156
100;13;154;203
148;157;72;228
150;103;97;94
146;220;144;86
253;242;225;202
61;27;108;154
52;80;107;239
16;38;104;178
179;106;65;232
101;232;95;180
93;156;162;178
168;4;150;255
57;244;211;196
201;254;81;145
198;241;165;186
206;167;61;204
172;25;120;234
106;197;226;39
183;252;113;130
178;71;229;83
197;233;93;164
96;116;32;218
80;75;129;162
166;132;85;251
40;70;247;51
93;247;88;108
211;239;7;166
61;209;184;31
135;18;81;48
89;21;156;17
157;10;200;32
238;235;124;77
4;163;47;203
45;193;25;24
119;205;214;55
249;38;247;158
79;26;182;188
51;142;117;147
98;124;93;236
186;138;187;54
28;160;36;146
86;184;89;234
117;26;30;19
44;57;90;101
8;19;58;37
48;119;251;72
60;243;257;19
243;110;211;254
27;104;185;96
144;80;60;57
239;59;232;94
46;217;9;124
134;83;80;106
255;83;175;248
178;112;55;195
206;197;204;229
222;138;132;37
73;114;185;45
30;26;53;225
227;71;234;97
73;183;85;147
73;56;171;16
122;73;100;178
184;217;114;147
85;120;101;63
68;118;161;245
179;127;215;248
121;213;225;63
170;247;230;75
154;67;50;130
49;209;112;75
68;102;119;121
72;105;204;71
14;92;166;48
13;153;156;78
209;109;111;53
121;255;130;149
223;169;92;251
164;107;132;9
201;249;126;52
192;228;148;244
171;100;9;148
190;30;9;79
212;134;202;156
49;5;104;115
184;12;141;77
166;236;242;256
22;43;216;5
115;203;17;114
60;195;169;103
76;99;151;96
170;193;122;219
241;37;75;181
228;67;42;99
37;63;124;39
98;179;147;29
135;225;53;126
167;154;197;52
160;21;82;108
85;16;136;221
149;207;213;81
199;143;138;249
164;45;84;161
148;80;188;252
135;115;46;12
135;77;209;8
95;152;111;250
94;16;191;123
183;26;132;222
82;255;230;105
124;225;72;42
220;175;39;164
10;66;251;1
162;8;54;80
14;105;55;227
157;29;102;56
217;139;181;117
163;231;116;236
153;128;61;213
59;235;97;237
251;83;218;99
185;168;92;256
55;23;142;180
256;82;221;204
87;163;23;74
46;9;105;198
163;33;158;108
189;154;136;173
112;249;68;161
97;208;53;83
59;184;214;219
153;26;74;167
101;241;52;108
202;234;78;171
109;229;217;38
14;161;189;184
95;70;169;179
42;191;8;105
129;166;254;149
2;121;224;60
181;94;210;100
168;181;144;111
116;72;208;211
217;86;28;150
14;227;132;72
38;160;114;237
25;129;168;56
35;130;26;29
154;129;106;227
44;224;152;47
8;13;167;49
70;58;106;23
115;196;134;88
241;93;173;83
243;63;198;143
103;91;182;92
165;172;166;220
237;236;252;249
27;224;217;229
205;204;5;119
214;3;255;74
95;111;88;188
36;81;232;103
87;25;191;228
149;75;192;87
75;207;212;178
220;21;124;88
232;4;68;65
236;30;140;188
181;176;159;97
245;48;134;140
139;29;190;211
59;200;241;75
40;74;2;177
88;78;70;180
245;81;30;47
160;116;178;213
203;14;64;218
93;246;115;194
13;22;109;152
95;243;254;64
209;118;74;221
84;8;79;187
255;257;66;180
180;139;10;59
108;4;92;247
172;91;146;127
14;43;166;256
12;55;109;170
11;24;132;90
2;101;27;179
112;231;138;101
174;124;101;62
185;249;218;58
243;220;81;238
43;45;218;225
255;6;138;70
155;17;75;95
177;189;135;228
35;80;232;224
231;34;251;172
219;254;69;160
113;35;98;72
247;32;158;63
242;231;243;240
163;98;138;184
122;205;61;225
14;213;187;37
209;171;224;84
183;22;253;124
172;92;39;183
76;229;72;173
207;33;96;231
59;215;246;14
58;60;48;96
170;30;15;85
56;123;255;2
34;49;164;42
73;163;127;57
75;97;248;136
161;36;67;255
197;12;225;148
170;189;110;176
111;192;251;56
243;122;175;32
166;255;232;133
198;9;202;223
127;212;74;35
222;99;139;246
88;241;134;249
242;221;73;234
34;145;3;7
98;41;203;30
118;58;232;136
193;145;25;245
166;113;135;254
132;95;33;97
91;110;157;163
168;172;24;141
61;224;78;27
224;42;111;57
39;113;163;19
18;161;63;85
85;126;217;129
38;8;239;149
109;57;141;103
26;15;20;233
243;150;39;239
75;43;5;23
218;239;164;252
183;63;43;138
81;113;57;64
113;22;107;155
72;42;180;58
190;199;220;210
54;143;99;71
236;84;47;74
97;96;59;114
229;206;37;167
116;171;174;63
194;158;10;20
18;139;143;170
37;38;146;200
10;23;80;131
19;200;145;6
75;94;68;46
177;246;239;193
29;65;11;99
151;86;99;32
59;180;227;123
152;4;206;79
242;72;46;187
133;29;201;100
59;210;132;204
224;40;230;105
249;132;67;212
203;4;136;90
222;136;192;231
19;35;26;182
251;16;147;169
103;58;134;200
62;72;131;31
50;238;75;3
207;127;148;100
30;200;112;140
15;58;176;204
63;179;113;215
71;164;109;174
214;201;197;39
121;236;59;60
116;31;224;160
243;230;101;66
42;51;121;21
85;254;68;241
1;131;84;243
157;16;200;233
238;43;117;251
23;78;158;59
111;19;88;207
14;20;150;156
58;100;23;252
203;83;60;214
64;105;241;207
134;20;40;246
251;128;142;56
150;10;216;230
192;210;38;194
223;160;134;82
125;34;24;221
87;75;9;252
85;64;147;127
107;232;186;220
48;16;24;155
208;13;116;70
212;93;165;63
232;12;144;117
211;69;7;233
75;199;164;88
254;117;71;116
16;51;123;132
114;88;33;196
218;40;175;169
13;59;45;208
133;232;85;174
111;115;197;74
91;102;250;136
103;49;17;168
59;56;132;87
110;28;41;101
219;256;33;89
91;83;7;123
67;253;220;201
181;206;252;178
92;244;56;141
84;80;194;164
69;65;59;195
25;196;159;124
247;194;10;130
87;146;105;223
94;221;161;61
39;168;92;97
165;77;228;52
153;92;254;127
10;126;250;202
185;239;19;200
95;35;221;192
241;91;166;54
181;43;112;192
117;83;244;90
7;241;132;218
187;54;234;85
191;73;78;83
146;81;253;247
56;68;82;231
69;187;59;117
19;97;139;254
253;187;125;17
240;87;90;145
155;51;131;70
199;175;66;86
214;34;56;8
33;230;219;238
26;154;195;30
81;32;44;138
143;207;199;205
110;193;16;109
187;69;160;128
85;162;208;226
81;72;219;202
158;39;19;141
159;87;104;257
126;53;255;249
5;228;82;81
209;183;39;250
146;50;200;193
228;91;160;19
174;161;64;215
8;190;120;4
102;241;95;30
101;108;50;125
86;111;184;255
11;229;64;91
255;62;38;235
232;205;97;124
34;30;166;241
110;183;251;41
218;15;171;238
185;131;191;161
129;128;111;236
173;111;122;87
85;254;18;108
243;62;8;256
37;154;205;53
138;99;210;160
82;166;195;19
60;100;208;222
167;146;233;85
51;40;44;254
48;51;170;45
195;68;41;124
127;25;38;229
200;238;48;5
43;101;238;112
155;256;157;100
228;157;70;107
163;169;152;21
237;129;40;223
110;47;111;160
82;108;162;191
227;14;5;7
219;194;53;28
216;47;250;32
122;52;71;254
120;254;13;240
93;197;7;191
80;187;120;205
191;221;33;91
228;195;156;207
200;8;251;157
71;12;225;247
113;170;220;41
167;91;234;117
236;235;221;103
116;251;113;211
137;208;78;35
18;254;207;256
65;256;88;131
85;44;5;71
11;87;96;242
45;213;66;26
183;21;36;121
16;165;245;192
153;41;198;150
10;173;2;221
85;138;102;198
137;129;74;17
144;209;230;178
199;37;138;74
241;81;213;89
110;216;204;67
124;249;248;137
146;237;170;136
144;240;10;207
170;238;34;11
60;73;173;250
127;198;114;54
23;196;171;173
129;147;19;5
145;181;196;226
128;185;12;63
243;127;204;67
230;184;61;17
91;45;123;111
162;165;108;49
234;140;164;99
239;214;114;242
152;175;230;239
91;80;213;67
138;159;250;207
180;166;67;187
99;253;7;101
24;229;155;219
126;153;87;150
216;174;57;200
144;168;192;128
218;238;173;77
128;192;154;27
228;84;230;18
70;166;74;17
38;142;246;233
48;138;165;242
240;61;210;184
184;11;9;124
87;254;69;246
181;122;232;238
66;11;50;100
187;153;255;61
157;114;147;195
10;60;185;136
23;211;43;96
142;16;55;236
246;18;8;202
204;194;137;132
224;245;7;104
42;205;113;77
207;162;158;103
24;12;18;6
133;17;131;154
120;22;136;173
156;213;14;197
23;249;42;180
94;228;152;254
218;2;67;117
129;205;27;76
94;199;121;169
197;184;198;34
246;196;52;5
209;14;39;79
92;161;225;135
4;251;118;131
39;240;247;158
219;222;127;118
132;226;237;5
78;214;201;63
43;180;245;198
187;26;150;34
234;104;12;126
110;224;206;177
255;8;179;79
80;47;234;231
61;8;51;209
188;192;204;232
19;47;67;211
19;45;73;108
172;207;42;97
186;18;59;74
215;59;25;231
25;105;213;157
110;35;43;218
224;239;251;188
129;28;93;114
189;185;118;53
17;83;165;214
40;88;204;202
196;149;54;44
185;188;39;256
136;35;121;130
140;38;112;228
62;132;137;109
44;46;88;78
41;54;109;38
171;229;72;25
220;73;58;16
32;94;240;249
21;39;40;72
45;139;65;234
9;41;85;160
6;87;186;53
121;95;80;180
91;194;132;62
220;210;165;32
91;146;183;186
161;254;168;200
4;152;94;169
142;89;125;251
216;91;225;59
27;144;164;246
143;135;175;84
10;30;40;20
101;65;78;232
202;257;105;155
151;41;219;170
251;147;142;200
245;93;86;42
145;138;237;216
30;95;70;99
198;39;189;116
209;210;240;186
52;104;237;203
114;100;66;64
91;145;112;106
171;88;169;93
46;164;131;202
68;141;73;25
22;5;109;67
202;126;103;244
134;248;54;228
199;249;159;12
76;78;240;40
81;168;170;166
43;11;248;235
183;11;106;159
62;178;130;247
171;251;241;175
241;247;155;147
230;164;72;99
97;239;113;22
56;175;160;45
149;190;53;8
25;213;197;196
50;247;142;501
38;165;150;59
168;109;95;230
82;224;78;253
112;201;208;59
41;3;230;63
76;161;192;174
7;129;210;135
89;186;136;238
15;109;67;143
130;9;148;168
45;21;253;125
89;150;122;49
255;12;24;46
25;24;256;56
213;24;61;234
168;136;242;96
242;81;41;94
81;185;47;199
81;84;171;202
33;192;142;101
16;21;149;200
135;239;109;171
106;147;79;104
176;121;170;52
19;7;49;203
237;92;21;76
68;37;231;102
8;200;252;212
55;79;250;195
192;173;144;26
11;136;202;53
248;19;119;102
79;114;211;35
245;246;119;220
115;228;150;169
9;53;167;103
255;228;22;19
22;14;158;32
108;138;81;85
232;162;2;176
174;7;31;45
230;69;17;14
31;118;150;20
59;162;29;230
68;237;19;210
65;245;149;168
162;44;219;97
125;124;132;47
55;67;167;37
47;122;73;77
240;155;197;41
64;68;38;156
124;91;146;92
127;122;26;126
174;112;196;77
217;20;93;186
60;29;5;170
188;207;39;21
169;230;152;250
65;136;166;23
130;122;54;244
52;35;37;249
214;129;200;186
180;187;167;65
6;167;132;14
152;98;29;95
160;164;28;153
246;80;83;200
12;45;237;211
8;74;18;145
67;72;249;57
138;57;177;187
132;22;18;200
80;165;19;83
160;203;35;220
126;253;204;168
166;151;229;92
131;192;61;13
173;248;121;222
60;243;217;155
73;168;70;67
86;149;81;68
43;57;130;66
67;79;256;218
103;228;96;12
112;187;91;128
101;127;199;236
233;50;99;110
23;226;251;256
154;254;23;190
196;56;220;114
198;218;42;213
32;129;71;31
218;44;199;252
190;54;168;210
202;43;190;217
176;120;43;220
118;45;20;52
201;14;46;90
99;175;221;83
161;57;28;168
237;214;137;177
196;6;56;205
3;75;134;72
155;107;56;8
92;229;98;65
65;24;157;133
70;185;21;123
50;104;36;52
106;194;43;178
195;17;81;200
71;97;224;162
243;65;231;67
64;181;196;159
182;126;228;138
4;222;60;73
247;119;206;196
193;127;197;171
139;243;121;232
203;3;141;88
169;53;107;156
182;187;212;131
131;110;120;38
94;142;73;176
134;129;46;177
246;99;158;193
70;105;207;126
169;100;234;45
63;130;24;126
161;57;173;243
41;188;109;60
81;23;246;18
49;108;190;107
239;93;199;120
244;37;78;183
161;230;199;30
53;253;17;148
244;14;12;201
132;53;215;45
122;24;38;7
9;199;131;184
176;32;9;33
187;75;217;215
229;59;128;143
177;232;145;188
207;13;162;46
185;162;159;56
201;162;55;66
50;149;54;7
178;175;124;190
152;143;99;35
127;135;77;137
77;6;180;132
193;46;116;81
217;242;7;47
165;237;103;228
91;85;98;86
148;99;51;252
48;123;236;176
113;47;223;224
211;12;180;28
72;244;247;173
40;153;44;187
18;205;114;53
32;45;33;210
217;158;98;238
59;124;242;201
75;43;165;198
90;12;156;71
193;76;219;239
66;10;12;156
31;68;235;228
68;23;228;122
51;85;113;253
29;89;46;101
174;109;235;224
104;131;174;74
144;200;148;157
202;243;69;50
69;228;147;42
226;46;253;50
231;124;171;94
193;20;175;247
250;96;1;252
237;75;39;166
239;61;248;178
95;155;144;59
211;242;213;199
89;136;149;57
30;39;37;191
197;179;222;56
203;250;190;208
57;220;242;162
177;169;108;36
83;207;122;19
30;247;103;190
34;90;115;134
197;120;256;185
110;48;246;30
220;49;201;15
229;147;196;125
68;64;34;210
131;251;203;68
250;113;179;114
147;119;54;225
68;221;141;99
3;188;230;202
60;42;189;236
25;176;57;250
154;50;94;101
214;93;117;63
200;90;160;241
133;175;76;100
234;94;142;196
181;156;63;252
174;95;55;40
102;95;210;195
113;242;241;158
151;169;129;57
63;256;28;11
212;7;159;131
99;157;251;178
132;53;170;86
122;213;238;97
94;116;238;171
246;43;20;82
75;187;136;92
107;245;183;161
83;235;21;34
187;10;139;207
152;105;246;200
84;111;156;215
101;105;60;187
178;165;4;63
113;250;116;45
